{"stats":{"minecraft:crafted":{"minecraft:oak_planks":112,"minecraft:cooked_porkchop":7,"minecraft:crafting_table":2,"minecraft:iron_helmet":1,"minecraft:wooden_pickaxe":1,"minecraft:cooked_chicken":8,"minecraft:iron_sword":1,"minecraft:furnace":2,"minecraft:bucket":1,"minecraft:stone_axe":1,"minecraft:cooked_mutton":24,"minecraft:air":0,"minecraft:oak_boat":1,"minecraft:iron_chestplate":1,"minecraft:iron_boots":1,"minecraft:diamond_pickaxe":1,"minecraft:shield":1,"minecraft:iron_axe":1,"minecraft:stick":112,"minecraft:iron_ingot":114,"minecraft:iron_pickaxe":2,"minecraft:stone_pickaxe":1,"minecraft:stone_sword":1,"minecraft:chest":3,"minecraft:iron_leggings":1,"minecraft:gold_ingot":22,"minecraft:white_bed":2,"minecraft:torch":204},"minecraft:dropped":{"minecraft:porkchop":2,"minecraft:wheat_seeds":1,"minecraft:raw_iron":1,"minecraft:feather":2,"minecraft:rotten_flesh":2,"minecraft:dirt":1,"minecraft:torch":1,"minecraft:wooden_pickaxe":1},"minecraft:broken":{"minecraft:stone_axe":1,"minecraft:iron_pickaxe":1},"minecraft:mined":{"minecraft:deepslate_redstone_ore":15,"minecraft:diamond_ore":4,"minecraft:white_bed":12,"minecraft:deepslate_diamond_ore":5,"minecraft:cherry_log":43,"minecraft:obsidian":15,"minecraft:crafting_table":6,"minecraft:granite":6,"minecraft:short_grass":5,"minecraft:allium":2,"minecraft:grass_block":7,"minecraft:tall_grass":1,"minecraft:cobblestone":23,"minecraft:deepslate_gold_ore":12,"minecraft:lapis_ore":8,"minecraft:diorite":6,"minecraft:wall_torch":3,"minecraft:pink_petals":19,"minecraft:redstone_ore":14,"minecraft:furnace":2,"minecraft:iron_ore":119,"minecraft:andesite":9,"minecraft:pumpkin":12,"minecraft:deepslate_iron_ore":10,"minecraft:oak_log":46,"minecraft:coal_ore":257,"minecraft:rail":8,"minecraft:cherry_leaves":5,"minecraft:dirt":4,"minecraft:cobweb":71,"minecraft:stone":127,"minecraft:gold_ore":14,"minecraft:oak_leaves":6,"minecraft:deepslate":23},"minecraft:killed_by":{"minecraft:cave_spider":1},"minecraft:custom":{"minecraft:interact_with_furnace":71,"minecraft:mob_kills":60,"minecraft:interact_with_crafting_table":26,"minecraft:time_since_death":96133,"minecraft:sleep_in_bed":15,"minecraft:time_since_rest":843,"minecraft:sprint_one_cm":313831,"minecraft:damage_taken":1311,"minecraft:walk_one_cm":467702,"minecraft:damage_blocked_by_shield":947,"minecraft:drop":9,"minecraft:damage_dealt":5976,"minecraft:swim_one_cm":4053,"minecraft:fly_one_cm":321480,"minecraft:open_chest":41,"minecraft:crouch_one_cm":19034,"minecraft:play_time":126366,"minecraft:deaths":1,"minecraft:sneak_time":8164,"minecraft:walk_under_water_one_cm":4756,"minecraft:boat_one_cm":21229,"minecraft:jump":2293,"minecraft:walk_on_water_one_cm":8649,"minecraft:total_world_time":126366,"minecraft:fall_one_cm":57815},"minecraft:killed":{"minecraft:cave_spider":1,"minecraft:pig":17,"minecraft:horse":1,"minecraft:skeleton":1,"minecraft:sheep":18,"minecraft:zombie":6,"minecraft:chicken":10,"minecraft:cow":6},"minecraft:used":{"minecraft:cooked_mutton":21,"minecraft:water_bucket":5,"minecraft:stone_sword":76,"minecraft:stone_pickaxe":83,"minecraft:shield":19,"minecraft:chest":3,"minecraft:wooden_pickaxe":8,"minecraft:iron_sword":28,"minecraft:torch":187,"minecraft:dirt":9,"minecraft:crafting_table":8,"minecraft:white_bed":12,"minecraft:diamond_pickaxe":227,"minecraft:iron_axe":94,"minecraft:iron_pickaxe":366,"minecraft:stone_axe":97,"minecraft:cobblestone":101,"minecraft:furnace":4,"minecraft:bucket":6,"minecraft:oak_boat":1,"minecraft:egg":3,"minecraft:cobbled_deepslate":1},"minecraft:picked_up":{"minecraft:pink_petals":44,"minecraft:crafting_table":7,"minecraft:feather":20,"minecraft:chicken":10,"minecraft:chest_minecart":1,"minecraft:andesite":9,"minecraft:leather":5,"minecraft:potato":4,"minecraft:oak_log":67,"minecraft:shield":1,"minecraft:string":72,"minecraft:lapis_lazuli":54,"minecraft:dirt":11,"minecraft:iron_axe":1,"minecraft:cooked_mutton":26,"minecraft:bone":2,"minecraft:bow":1,"minecraft:wheat_seeds":3,"minecraft:cobbled_deepslate":21,"minecraft:raw_gold":26,"minecraft:beef":12,"minecraft:stone_pickaxe":1,"minecraft:cooked_chicken":8,"minecraft:iron_pickaxe":2,"minecraft:sugar_cane":10,"minecraft:oak_planks":57,"minecraft:egg":3,"minecraft:furnace":4,"minecraft:stick":25,"minecraft:raw_iron":140,"minecraft:cooked_porkchop":11,"minecraft:pumpkin":12,"minecraft:torch":53,"minecraft:porkchop":31,"minecraft:cherry_log":43,"minecraft:diorite":11,"minecraft:white_bed":16,"minecraft:redstone":149,"minecraft:spider_eye":1,"minecraft:stone_sword":1,"minecraft:arrow":1,"minecraft:rotten_flesh":7,"minecraft:diamond":13,"minecraft:beetroot_seeds":6,"minecraft:granite":6,"minecraft:cherry_sapling":21,"minecraft:golden_apple":1,"minecraft:gray_wool":2,"minecraft:bread":4,"minecraft:obsidian":14,"minecraft:melon_seeds":2,"minecraft:mutton":24,"minecraft:coal":275,"minecraft:rail":22,"minecraft:white_wool":28,"minecraft:cobblestone":173}},"DataVersion":3839}