{"stats":{"minecraft:mined":{"minecraft:grass":26,"minecraft:birch_leaves":8},"minecraft:dropped":{"minecraft:wheat_seeds":1},"minecraft:custom":{"minecraft:jump":164,"minecraft:time_since_rest":145,"minecraft:leave_game":1,"minecraft:damage_dealt":331,"minecraft:crouch_one_cm":113,"minecraft:deaths":2,"minecraft:sprint_one_cm":39975,"minecraft:play_time":5769,"minecraft:damage_taken":498,"minecraft:time_since_death":120,"minecraft:walk_one_cm":20958,"minecraft:sneak_time":23,"minecraft:total_world_time":5769,"minecraft:fall_one_cm":8468,"minecraft:drop":1,"minecraft:fly_one_cm":20967,"minecraft:player_kills":1},"minecraft:picked_up":{"minecraft:wheat_seeds":8}},"DataVersion":3578}