{"stats":{"minecraft:crafted":{"minecraft:oak_planks":108,"minecraft:cooked_chicken":6,"minecraft:furnace":3,"minecraft:cooked_mutton":5,"minecraft:iron_boots":1,"minecraft:iron_axe":1,"minecraft:chest":2,"minecraft:wheat":117,"minecraft:diamond_sword":1,"minecraft:crafting_table":1,"minecraft:iron_helmet":1,"minecraft:bucket":1,"minecraft:bread":39,"minecraft:air":0,"minecraft:iron_chestplate":1,"minecraft:diamond_pickaxe":1,"minecraft:shield":1,"minecraft:stick":4,"minecraft:iron_ingot":55,"minecraft:iron_pickaxe":2,"minecraft:iron_leggings":1},"minecraft:dropped":{"minecraft:iron_ingot":2,"minecraft:wheat_seeds":7,"minecraft:feather":9,"minecraft:stick":3,"minecraft:cobblestone_stairs":1,"minecraft:brown_wool":1,"minecraft:white_wool":6,"minecraft:furnace":1,"minecraft:cobbled_deepslate":6,"minecraft:raw_iron":13,"minecraft:rotten_flesh":3,"minecraft:bamboo":2,"minecraft:wooden_pickaxe":1,"minecraft:stone_pickaxe":1},"minecraft:broken":{"minecraft:iron_pickaxe":1,"minecraft:wooden_axe":1},"minecraft:mined":{"minecraft:tuff":4,"minecraft:deepslate_diamond_ore":5,"minecraft:cobblestone_stairs":2,"minecraft:spruce_leaves":1,"minecraft:moss_block":2,"minecraft:hay_block":13,"minecraft:furnace":6,"minecraft:carrots":1,"minecraft:iron_ore":82,"minecraft:andesite":1,"minecraft:deepslate_lapis_ore":2,"minecraft:potatoes":12,"minecraft:deepslate_iron_ore":12,"minecraft:packed_ice":2,"minecraft:bamboo":7,"minecraft:stone":50,"minecraft:deepslate_redstone_ore":6,"minecraft:crafting_table":4,"minecraft:torch":4,"minecraft:short_grass":15,"minecraft:emerald_ore":1,"minecraft:tall_grass":3,"minecraft:lapis_ore":6,"minecraft:oak_planks":21,"minecraft:wall_torch":13,"minecraft:skeleton_skull":1,"minecraft:wheat":3,"minecraft:yellow_bed":5,"minecraft:oak_log":32,"minecraft:coal_ore":75,"minecraft:cherry_leaves":11,"minecraft:dirt":1,"minecraft:stonecutter":1,"minecraft:oak_leaves":10,"minecraft:deepslate":6},"minecraft:killed_by":{"minecraft:zombie_villager":1,"minecraft:creeper":1,"minecraft:drowned":1},"minecraft:custom":{"minecraft:mob_kills":38,"minecraft:interact_with_crafting_table":21,"minecraft:leave_game":3,"minecraft:time_since_death":10760,"minecraft:climb_one_cm":0,"minecraft:sprint_one_cm":392607,"minecraft:walk_one_cm":143605,"minecraft:damage_blocked_by_shield":435,"minecraft:drop":17,"minecraft:talked_to_villager":17,"minecraft:play_time":92107,"minecraft:deaths":3,"minecraft:sneak_time":13362,"minecraft:walk_under_water_one_cm":6086,"minecraft:boat_one_cm":12916,"minecraft:jump":2070,"minecraft:walk_on_water_one_cm":19887,"minecraft:total_world_time":92107,"minecraft:interact_with_furnace":82,"minecraft:interact_with_stonecutter":1,"minecraft:sleep_in_bed":7,"minecraft:time_since_rest":10799,"minecraft:damage_taken":2229,"minecraft:damage_dealt":5473,"minecraft:swim_one_cm":27623,"minecraft:fly_one_cm":422533,"minecraft:open_chest":34,"minecraft:crouch_one_cm":57299,"minecraft:fall_one_cm":76409},"minecraft:killed":{"minecraft:skeleton":6,"minecraft:chicken":6,"minecraft:tropical_fish":1,"minecraft:pig":7,"minecraft:iron_golem":1,"minecraft:sheep":8,"minecraft:zombie":5,"minecraft:cow":3},"minecraft:used":{"minecraft:tropical_fish":5,"minecraft:chest":2,"minecraft:shield":7,"minecraft:cooked_chicken":6,"minecraft:iron_chestplate":1,"minecraft:wooden_axe":17,"minecraft:lava_bucket":1,"minecraft:iron_axe":94,"minecraft:iron_helmet":2,"minecraft:furnace":8,"minecraft:cooked_beef":4,"minecraft:iron_leggings":1,"minecraft:cooked_mutton":5,"minecraft:water_bucket":5,"minecraft:cobblestone_stairs":1,"minecraft:stone_pickaxe":37,"minecraft:oak_planks":93,"minecraft:stonecutter":1,"minecraft:crafting_table":5,"minecraft:diamond_pickaxe":1,"minecraft:bread":16,"minecraft:iron_pickaxe":266,"minecraft:diamond_sword":10,"minecraft:cobblestone":15,"minecraft:bucket":7,"minecraft:yellow_bed":6},"minecraft:picked_up":{"minecraft:wooden_axe":1,"minecraft:crafting_table":5,"minecraft:iron_chestplate":3,"minecraft:chicken":6,"minecraft:diamond_sword":1,"minecraft:wooden_pickaxe":1,"minecraft:golden_sword":1,"minecraft:shield":3,"minecraft:iron_axe":3,"minecraft:raw_copper":4,"minecraft:iron_leggings":1,"minecraft:cobbled_deepslate":6,"minecraft:bucket":1,"minecraft:beef":11,"minecraft:poppy":4,"minecraft:iron_pickaxe":6,"minecraft:egg":9,"minecraft:furnace":7,"minecraft:iron_boots":1,"minecraft:stick":12,"minecraft:raw_iron":142,"minecraft:torch":30,"minecraft:porkchop":12,"minecraft:redstone":56,"minecraft:arrow":6,"minecraft:rotten_flesh":6,"minecraft:tropical_fish":10,"minecraft:golden_hoe":1,"minecraft:hay_block":26,"minecraft:mutton":15,"minecraft:skeleton_skull":1,"minecraft:cobblestone":187,"minecraft:white_wool":10,"minecraft:feather":18,"minecraft:cooked_beef":8,"minecraft:glow_ink_sac":6,"minecraft:water_bucket":2,"minecraft:brown_wool":1,"minecraft:leather":2,"minecraft:potato":19,"minecraft:filled_map":1,"minecraft:oak_log":37,"minecraft:yellow_bed":8,"minecraft:cobblestone_stairs":2,"minecraft:lapis_lazuli":66,"minecraft:cooked_mutton":5,"minecraft:bone":15,"minecraft:apple":3,"minecraft:stonecutter":2,"minecraft:bow":2,"minecraft:wheat_seeds":11,"minecraft:stone_pickaxe":3,"minecraft:iron_ingot":6,"minecraft:cooked_chicken":5,"minecraft:bamboo":130,"minecraft:oak_planks":196,"minecraft:book":2,"minecraft:diamond":10,"minecraft:iron_helmet":1,"minecraft:cherry_sapling":1,"minecraft:emerald":2,"minecraft:bread":163,"minecraft:oak_sapling":5,"minecraft:coal":208,"minecraft:diamond_pickaxe":1}},"DataVersion":3839}