{"stats":{"minecraft:crafted":{"minecraft:birch_planks":20},"minecraft:mined":{"minecraft:birch_log":5,"minecraft:grass":28,"minecraft:grass_block":15},"minecraft:killed_by":{"minecraft:player":1},"minecraft:custom":{"minecraft:jump":342,"minecraft:time_since_rest":723,"minecraft:deaths":2,"minecraft:damage_dealt":298,"minecraft:crouch_one_cm":1359,"minecraft:sprint_one_cm":59617,"minecraft:play_time":11357,"minecraft:damage_taken":551,"minecraft:time_since_death":699,"minecraft:walk_one_cm":37654,"minecraft:sneak_time":251,"minecraft:total_world_time":11357,"minecraft:leave_game":1,"minecraft:fall_one_cm":14034,"minecraft:fly_one_cm":61659},"minecraft:picked_up":{"minecraft:wheat_seeds":4,"minecraft:dirt":15,"minecraft:birch_log":5}},"DataVersion":3578}