{"stats":{"minecraft:crafted":{"minecraft:cooked_beef":18,"minecraft:oak_planks":72,"minecraft:cooked_porkchop":4,"minecraft:crafting_table":2,"minecraft:wooden_pickaxe":2,"minecraft:iron_helmet":1,"minecraft:iron_sword":1,"minecraft:furnace":3,"minecraft:stone_axe":1,"minecraft:cooked_mutton":24,"minecraft:air":0,"minecraft:oak_boat":1,"minecraft:iron_boots":1,"minecraft:iron_chestplate":1,"minecraft:shield":1,"minecraft:stick":20,"minecraft:iron_ingot":25,"minecraft:stone_pickaxe":3,"minecraft:chest":1,"minecraft:iron_leggings":1,"minecraft:gold_ingot":1,"minecraft:white_bed":3,"minecraft:torch":24},"minecraft:dropped":{"minecraft:iron_sword":1,"minecraft:porkchop":6,"minecraft:wheat_seeds":5,"minecraft:iron_nugget":1,"minecraft:rotten_flesh":4,"minecraft:cooked_mutton":3,"minecraft:white_bed":2,"minecraft:gray_wool":1,"minecraft:yellow_bed":1,"minecraft:coast_armor_trim_smithing_template":2,"minecraft:oak_sapling":2,"minecraft:wooden_sword":1,"minecraft:wooden_pickaxe":2},"minecraft:broken":{"minecraft:stone_pickaxe":1},"minecraft:mined":{"minecraft:white_bed":9,"minecraft:crafting_table":9,"minecraft:short_grass":7,"minecraft:grass_block":3,"minecraft:chest":1,"minecraft:tall_grass":7,"minecraft:spruce_leaves":4,"minecraft:hay_block":28,"minecraft:furnace":2,"minecraft:iron_ore":53,"minecraft:fire":1,"minecraft:sweet_berry_bush":1,"minecraft:andesite":1,"minecraft:oak_log":18,"minecraft:coal_ore":64,"minecraft:dirt":2,"minecraft:packed_ice":2,"minecraft:stone":100,"minecraft:oak_leaves":4},"minecraft:killed_by":{"minecraft:skeleton":1,"minecraft:zombie":3},"minecraft:custom":{"minecraft:interact_with_furnace":85,"minecraft:mob_kills":35,"minecraft:interact_with_crafting_table":28,"minecraft:leave_game":3,"minecraft:time_since_death":94595,"minecraft:sleep_in_bed":11,"minecraft:time_since_rest":573,"minecraft:sprint_one_cm":372138,"minecraft:damage_taken":2349,"minecraft:walk_one_cm":165788,"minecraft:drop":30,"minecraft:damage_dealt":4657,"minecraft:swim_one_cm":7203,"minecraft:talked_to_villager":2,"minecraft:fly_one_cm":611584,"minecraft:open_chest":17,"minecraft:play_time":126923,"minecraft:crouch_one_cm":17360,"minecraft:deaths":5,"minecraft:sneak_time":5751,"minecraft:walk_under_water_one_cm":1955,"minecraft:boat_one_cm":432759,"minecraft:jump":2923,"minecraft:walk_on_water_one_cm":3530,"minecraft:total_world_time":126923,"minecraft:fall_one_cm":105392},"minecraft:killed":{"minecraft:pig":1,"minecraft:spider":3,"minecraft:skeleton":2,"minecraft:sheep":10,"minecraft:zombie":8,"minecraft:cow":11},"minecraft:picked_up":{"minecraft:crafting_table":12,"minecraft:andesite":1,"minecraft:leather":20,"minecraft:oak_log":44,"minecraft:yellow_bed":1,"minecraft:dirt":5,"minecraft:wooden_sword":2,"minecraft:cooked_mutton":16,"minecraft:coast_armor_trim_smithing_template":2,"minecraft:apple":1,"minecraft:wheat_seeds":5,"minecraft:iron_ingot":2,"minecraft:beef":52,"minecraft:stone_pickaxe":1,"minecraft:oak_boat":4,"minecraft:iron_nugget":1,"minecraft:chest":1,"minecraft:iron_sword":1,"minecraft:oak_planks":6,"minecraft:furnace":4,"minecraft:egg":4,"minecraft:stick":2,"minecraft:raw_iron":53,"minecraft:sweet_berries":20,"minecraft:torch":4,"minecraft:porkchop":21,"minecraft:white_bed":12,"minecraft:arrow":2,"minecraft:rotten_flesh":7,"minecraft:stone_axe":2,"minecraft:hay_block":28,"minecraft:gray_wool":3,"minecraft:oak_sapling":2,"minecraft:mutton":28,"minecraft:coal":64,"minecraft:white_wool":15,"minecraft:cobblestone":120},"minecraft:used":{"minecraft:cooked_mutton":21,"minecraft:stone_pickaxe":176,"minecraft:chest":1,"minecraft:wooden_pickaxe":47,"minecraft:iron_sword":4,"minecraft:iron_chestplate":1,"minecraft:torch":19,"minecraft:dirt":5,"minecraft:crafting_table":10,"minecraft:white_bed":10,"minecraft:obsidian":1,"minecraft:iron_helmet":1,"minecraft:iron_boots":1,"minecraft:stone_axe":57,"minecraft:wooden_sword":16,"minecraft:cobblestone":11,"minecraft:sweet_berries":1,"minecraft:furnace":5,"minecraft:oak_boat":4,"minecraft:cooked_beef":2,"minecraft:iron_leggings":1}},"DataVersion":3839}