{"stats":{"minecraft:crafted":{"minecraft:cooked_beef":33,"minecraft:wooden_sword":2,"minecraft:cooked_cod":4,"minecraft:oak_planks":176,"minecraft:leather_leggings":1,"minecraft:crafting_table":3,"minecraft:spruce_planks":64,"minecraft:iron_helmet":1,"minecraft:wooden_pickaxe":2,"minecraft:cooked_chicken":3,"minecraft:furnace":2,"minecraft:stone_axe":2,"minecraft:iron_boots":2,"minecraft:iron_chestplate":2,"minecraft:wooden_hoe":1,"minecraft:stick":64,"minecraft:iron_pickaxe":1,"minecraft:iron_ingot":32,"minecraft:stone_pickaxe":3,"minecraft:wooden_axe":2,"minecraft:stone_sword":2,"minecraft:chest":1,"minecraft:white_bed":1,"minecraft:torch":36},"minecraft:dropped":{"minecraft:iron_ingot":3,"minecraft:cooked_beef":5,"minecraft:raw_iron":1,"minecraft:rotten_flesh":12,"minecraft:oak_planks":5,"minecraft:white_bed":1,"minecraft:stick":9,"minecraft:torch":14,"minecraft:mutton":6,"minecraft:wooden_axe":1,"minecraft:coast_armor_trim_smithing_template":2,"minecraft:oak_sapling":1,"minecraft:wooden_sword":1,"minecraft:sand":1,"minecraft:stone_pickaxe":1,"minecraft:wooden_pickaxe":1},"minecraft:broken":{"minecraft:wooden_axe":1},"minecraft:mined":{"minecraft:dark_oak_planks":3,"minecraft:spruce_planks":3,"minecraft:white_bed":7,"minecraft:crafting_table":11,"minecraft:torch":2,"minecraft:short_grass":26,"minecraft:grass_block":33,"minecraft:melon":5,"minecraft:tall_grass":1,"minecraft:spruce_leaves":11,"minecraft:oak_planks":13,"minecraft:wall_torch":1,"minecraft:large_fern":2,"minecraft:furnace":4,"minecraft:iron_ore":20,"minecraft:pumpkin":1,"minecraft:spruce_log":17,"minecraft:andesite":1,"minecraft:azure_bluet":1,"minecraft:dark_oak_stairs":1,"minecraft:oak_log":53,"minecraft:coal_ore":32,"minecraft:oak_stairs":1,"minecraft:gravel":12,"minecraft:sand":41,"minecraft:dirt":10,"minecraft:stone":90,"minecraft:oak_leaves":73,"minecraft:fern":1},"minecraft:killed_by":{"minecraft:guardian":1},"minecraft:custom":{"minecraft:interact_with_furnace":52,"minecraft:mob_kills":43,"minecraft:interact_with_crafting_table":17,"minecraft:bell_ring":26,"minecraft:leave_game":1,"minecraft:time_since_death":58482,"minecraft:sleep_in_bed":9,"minecraft:climb_one_cm":1581,"minecraft:time_since_rest":13067,"minecraft:sprint_one_cm":554791,"minecraft:damage_taken":1259,"minecraft:walk_one_cm":309582,"minecraft:drop":32,"minecraft:damage_dealt":4347,"minecraft:talked_to_villager":6,"minecraft:swim_one_cm":90526,"minecraft:fly_one_cm":405692,"minecraft:open_chest":7,"minecraft:crouch_one_cm":603,"minecraft:play_time":130647,"minecraft:deaths":1,"minecraft:sneak_time":331,"minecraft:walk_under_water_one_cm":47863,"minecraft:jump":2262,"minecraft:walk_on_water_one_cm":42545,"minecraft:total_world_time":130647,"minecraft:fall_one_cm":48484},"minecraft:killed":{"minecraft:zombie_villager":1,"minecraft:spider":3,"minecraft:cod":5,"minecraft:sheep":4,"minecraft:zombie":5,"minecraft:chicken":3,"minecraft:drowned":3,"minecraft:cow":16},"minecraft:used":{"minecraft:leather_leggings":1,"minecraft:stone_sword":45,"minecraft:stone_pickaxe":84,"minecraft:oak_planks":87,"minecraft:chest":1,"minecraft:spruce_planks":51,"minecraft:wooden_pickaxe":72,"minecraft:cooked_chicken":3,"minecraft:iron_chestplate":2,"minecraft:torch":14,"minecraft:dirt":3,"minecraft:sand":2,"minecraft:crafting_table":13,"minecraft:white_bed":9,"minecraft:wooden_axe":86,"minecraft:wooden_hoe":1,"minecraft:melon_slice":2,"minecraft:iron_helmet":1,"minecraft:iron_boots":2,"minecraft:stone_axe":123,"minecraft:wooden_sword":32,"minecraft:cobblestone":8,"minecraft:furnace":6,"minecraft:oak_sapling":6,"minecraft:cooked_cod":4,"minecraft:egg":1,"minecraft:cooked_beef":17,"minecraft:bone_meal":1},"minecraft:picked_up":{"minecraft:crafting_table":11,"minecraft:feather":13,"minecraft:cooked_beef":1,"minecraft:chicken":3,"minecraft:andesite":2,"minecraft:leather":14,"minecraft:wooden_pickaxe":1,"minecraft:oak_stairs":1,"minecraft:flint":1,"minecraft:oak_log":52,"minecraft:dirt":53,"minecraft:string":2,"minecraft:coast_armor_trim_smithing_template":2,"minecraft:wheat_seeds":6,"minecraft:spruce_planks":4,"minecraft:beef":33,"minecraft:melon_slice":19,"minecraft:sugar_cane":2,"minecraft:oak_planks":27,"minecraft:dark_oak_stairs":1,"minecraft:egg":2,"minecraft:furnace":5,"minecraft:stick":2,"minecraft:raw_iron":33,"minecraft:pumpkin":1,"minecraft:torch":4,"minecraft:gravel":11,"minecraft:sand":28,"minecraft:spruce_log":16,"minecraft:white_bed":10,"minecraft:spider_eye":1,"minecraft:dark_oak_planks":3,"minecraft:rotten_flesh":14,"minecraft:bone_meal":1,"minecraft:gray_wool":1,"minecraft:oak_sapling":7,"minecraft:mutton":6,"minecraft:cod":4,"minecraft:coal":32,"minecraft:white_wool":4,"minecraft:cobblestone":89}},"DataVersion":3839}