{"stats":{"minecraft:crafted":{"minecraft:oak_planks":132,"minecraft:crafting_table":5,"minecraft:wooden_pickaxe":1,"minecraft:iron_sword":1,"minecraft:furnace":4,"minecraft:bucket":1,"minecraft:stone_axe":2,"minecraft:bread":138,"minecraft:air":0,"minecraft:blue_dye":1,"minecraft:oak_boat":1,"minecraft:iron_chestplate":1,"minecraft:shield":1,"minecraft:iron_axe":1,"minecraft:stick":36,"minecraft:iron_ingot":23,"minecraft:iron_pickaxe":2,"minecraft:stone_pickaxe":2,"minecraft:chest":8,"minecraft:torch":60,"minecraft:wheat":414},"minecraft:dropped":{"minecraft:bread":32,"minecraft:furnace":1,"minecraft:stone_axe":1,"minecraft:sugar_cane":10,"minecraft:iron_nugget":1,"minecraft:rotten_flesh":4,"minecraft:leather_chestplate":1,"minecraft:potato":8,"minecraft:beetroot_seeds":6,"minecraft:wooden_pickaxe":1,"minecraft:stone_pickaxe":1},"minecraft:broken":{"minecraft:stone_pickaxe":1,"minecraft:iron_axe":1},"minecraft:mined":{"minecraft:white_bed":9,"minecraft:mossy_cobblestone":1,"minecraft:dark_oak_leaves":14,"minecraft:stripped_dark_oak_log":1,"minecraft:dark_oak_log":242,"minecraft:dandelion":1,"minecraft:brewing_stand":1,"minecraft:crafting_table":6,"minecraft:cornflower":1,"minecraft:torch":2,"minecraft:short_grass":28,"minecraft:grass_block":5,"minecraft:chest":1,"minecraft:tall_grass":3,"minecraft:cobblestone":7,"minecraft:spruce_leaves":4,"minecraft:sugar_cane":9,"minecraft:wall_torch":6,"minecraft:spawner":1,"minecraft:hay_block":46,"minecraft:furnace":7,"minecraft:carrots":1,"minecraft:birch_log":62,"minecraft:iron_ore":21,"minecraft:sweet_berry_bush":12,"minecraft:birch_leaves":8,"minecraft:light_gray_wool":1,"minecraft:yellow_bed":1,"minecraft:oak_log":83,"minecraft:coal_ore":45,"minecraft:dirt":2,"minecraft:packed_ice":2,"minecraft:cobweb":1,"minecraft:bamboo":1,"minecraft:stone":105,"minecraft:oak_leaves":61},"minecraft:custom":{"minecraft:interact_with_furnace":23,"minecraft:mob_kills":9,"minecraft:interact_with_crafting_table":20,"minecraft:bell_ring":1,"minecraft:interact_with_stonecutter":1,"minecraft:leave_game":2,"minecraft:time_since_death":101024,"minecraft:sleep_in_bed":9,"minecraft:climb_one_cm":1584,"minecraft:time_since_rest":843,"minecraft:sprint_one_cm":351873,"minecraft:damage_taken":1060,"minecraft:walk_one_cm":133693,"minecraft:drop":12,"minecraft:damage_dealt":1440,"minecraft:swim_one_cm":33845,"minecraft:talked_to_villager":2,"minecraft:fly_one_cm":745020,"minecraft:open_chest":60,"minecraft:crouch_one_cm":27333,"minecraft:play_time":101024,"minecraft:sneak_time":8067,"minecraft:walk_under_water_one_cm":5045,"minecraft:boat_one_cm":61869,"minecraft:jump":2848,"minecraft:walk_on_water_one_cm":9965,"minecraft:total_world_time":101024,"minecraft:interact_with_smoker":1,"minecraft:fall_one_cm":82660},"minecraft:killed":{"minecraft:wolf":2,"minecraft:spider":3,"minecraft:bat":1,"minecraft:zombie":3},"minecraft:used":{"minecraft:water_bucket":14,"minecraft:stone_pickaxe":173,"minecraft:oak_planks":5,"minecraft:chest":5,"minecraft:wooden_pickaxe":6,"minecraft:leather_chestplate":1,"minecraft:iron_sword":4,"minecraft:iron_chestplate":1,"minecraft:torch":45,"minecraft:mossy_cobblestone":1,"minecraft:dirt":5,"minecraft:stripped_dark_oak_log":1,"minecraft:crafting_table":9,"minecraft:carrot":2,"minecraft:white_bed":8,"minecraft:iron_axe":251,"minecraft:bread":41,"minecraft:iron_pickaxe":17,"minecraft:bamboo":6,"minecraft:stone_axe":188,"minecraft:light_gray_wool":1,"minecraft:cobblestone":55,"minecraft:sweet_berries":1,"minecraft:oak_sapling":1,"minecraft:furnace":9,"minecraft:bucket":15,"minecraft:oak_boat":1,"minecraft:egg":1,"minecraft:potato":1,"minecraft:dandelion":1,"minecraft:gray_wool":1},"minecraft:picked_up":{"minecraft:birch_log":60,"minecraft:crafting_table":5,"minecraft:potato":4,"minecraft:oak_log":81,"minecraft:brewing_stand":1,"minecraft:dirt":7,"minecraft:cornflower":1,"minecraft:string":6,"minecraft:oak_boat":1,"minecraft:iron_nugget":1,"minecraft:light_gray_wool":1,"minecraft:bamboo":6,"minecraft:sugar_cane":20,"minecraft:chest":1,"minecraft:birch_sapling":18,"minecraft:egg":1,"minecraft:furnace":8,"minecraft:stick":15,"minecraft:raw_iron":23,"minecraft:sweet_berries":30,"minecraft:torch":7,"minecraft:dandelion":1,"minecraft:white_bed":8,"minecraft:carrot":2,"minecraft:dark_oak_log":236,"minecraft:mossy_cobblestone":1,"minecraft:rotten_flesh":4,"minecraft:hay_block":46,"minecraft:gray_wool":1,"minecraft:oak_sapling":11,"minecraft:stripped_dark_oak_log":1,"minecraft:coal":121,"minecraft:cobblestone":99}},"DataVersion":3839}