{
  "minecraft:recipes/decorations/crafting_table": {
    "criteria": {
      "unlock_right_away": "2024-06-03 03:28:22 +0000"
    },
    "done": true
  },
  "minecraft:adventure/root": {
    "criteria": {
      "killed_something": "2024-06-03 03:33:00 +0000"
    },
    "done": true
  },
  "minecraft:adventure/adventuring_time": {
    "criteria": {
      "minecraft:old_growth_birch_forest": "2024-06-03 03:28:23 +0000",
      "minecraft:forest": "2024-06-03 03:31:45 +0000",
      "minecraft:taiga": "2024-06-03 03:31:36 +0000"
    },
    "done": false
  },
  "DataVersion": 3578
}